{
  "name": "ğŸ’ƒğŸ» South America",
  "cities":[
    {"name": "🇨🇴 Colombia","route": "colombia", "img": "colombia"},
    {"name": "ğŸ» Medellin","route": "colombia/medellin", "img": "medellin"},
    {"name": "🌄 Bogota","route": "colombia/bogota", "img": "bogota"},
    {"name": "ğŸ–ï¸ Cartagena","route": "colombia/cartagena", "img": "cartagena"},

    {"name": "🇧🇷 Brazil","route": "brazil", "img": "brazil"},
    {"name": "ğŸ‰ Rio De Janeiro","route": "brazil/riodejaneiro", "img": "riodejaneiro"},

    {"name": "🇨🇷 Costa Rica","route": "costarica", "img": "costarica"},

    {"name": "🇲🇽 Mexico","route": "mexico", "img": "mexico"},
    {"name": "🌇 Mexico City","route": "mexico/mexicocity", "img": "mexicocity"},
    {"name": "⛱ Playa Del Carmen","route": "mexico/playadelcarmen", "img": "playadelcarmen"},
    {"name": "ğŸ Tulum","route": "mexico/tulum", "img": "tulum"},

    {"name": "🇵🇷 Puerto Rico","route": "puertorico", "img": "puertorico"},
    
    {"name": "🇦🇷 Argentina","route": "argentina", "img": "argentina"},
    {"name": "ğŸ­  Buenos Aires","route": "buenosaires", "img": "buenosaires"},

    {"name": "🇨🇺 Cuba","route": "cuba", "img": "cuba"},

    {"name": "🇪🇨 Ecuador","route": "ecuador", "img": "ecuador"},
    {"name": "🇨🇱 Chile","route": "chile", "img": "chile"},

    {"name": "🇵🇪 Peru","route": "peru", "img": "peru"},
    {"name": "ğŸ½ï¸ Lima","route": "peru/lima", "img": "lima"}

  ]
}